URL,local_url,Category,Name
https://images.unsplash.com/photo-1722111059641-be1189421e09,images/Photo/photo-1722111059641-be1189421e09.jpg,Photo,photo-1722111059641-be1189421e09
https://images.unsplash.com/photo-1718634310620-c2b096588cb2,images/current-events/photo-1718634310620-c2b096588cb2.jpg,current-events,photo-1718634310620-c2b096588cb2
https://images.unsplash.com/photo-1715277331651-225127b9324b,images/sports/photo-1715277331651-225127b9324b.jpg,sports,photo-1715277331651-225127b9324b
https://images.unsplash.com/photo-1721760886982-3c643f05813d,images/sports/photo-1721760886982-3c643f05813d.jpg,sports,photo-1721760886982-3c643f05813d
https://images.unsplash.com/photo-1721784391910-f41333b7f81b,images/health/photo-1721784391910-f41333b7f81b.jpg,health,photo-1721784391910-f41333b7f81b
https://images.unsplash.com/photo-1551184451-76b762941ad6,images/health/photo-1551184451-76b762941ad6.jpg,health,photo-1551184451-76b762941ad6
https://images.unsplash.com/photo-1721821298966-941fbcf046f9,images/food-drink/photo-1721821298966-941fbcf046f9.jpg,food-drink,photo-1721821298966-941fbcf046f9
https://images.unsplash.com/photo-1719520670204-dbe1903a789f,images/food-drink/photo-1719520670204-dbe1903a789f.jpg,food-drink,photo-1719520670204-dbe1903a789f
https://images.unsplash.com/photo-1653447538278-f5f7ade70637,images/business-work/photo-1653447538278-f5f7ade70637.jpg,business-work,photo-1653447538278-f5f7ade70637
https://images.unsplash.com/photo-1624961150785-1d10d9596922,images/business-work/photo-1624961150785-1d10d9596922.jpg,business-work,photo-1624961150785-1d10d9596922
https://images.unsplash.com/photo-1696489254043-575c4c5442c9,images/spirituality/photo-1696489254043-575c4c5442c9.jpg,spirituality,photo-1696489254043-575c4c5442c9
https://images.unsplash.com/photo-1696317425137-a9a2c1be30f2,images/spirituality/photo-1696317425137-a9a2c1be30f2.jpg,spirituality,photo-1696317425137-a9a2c1be30f2
https://images.unsplash.com/photo-1722352566980-a1640f55c06f,images/people/photo-1722352566980-a1640f55c06f.jpg,people,photo-1722352566980-a1640f55c06f
https://images.unsplash.com/photo-1722121617207-fb02abebf3d6,images/people/photo-1722121617207-fb02abebf3d6.jpg,people,photo-1722121617207-fb02abebf3d6
https://images.unsplash.com/photo-1569518275055-590ae5fce624,images/fashion-beauty/photo-1569518275055-590ae5fce624.jpg,fashion-beauty,photo-1569518275055-590ae5fce624
https://images.unsplash.com/photo-1668191174012-7d5a78e454a5,images/fashion-beauty/photo-1668191174012-7d5a78e454a5.jpg,fashion-beauty,photo-1668191174012-7d5a78e454a5
https://images.unsplash.com/photo-1722135901097-56379b2d3288,images/animals/photo-1722135901097-56379b2d3288.jpg,animals,photo-1722135901097-56379b2d3288
https://images.unsplash.com/photo-1506354259095-f4e94f2716b0,images/animals/photo-1506354259095-f4e94f2716b0.jpg,animals,photo-1506354259095-f4e94f2716b0
https://images.unsplash.com/photo-1722318032156-4b53c065f5f3,images/experimental/photo-1722318032156-4b53c065f5f3.jpg,experimental,photo-1722318032156-4b53c065f5f3
https://images.unsplash.com/photo-1711223717017-b553ca6707ec,images/experimental/photo-1711223717017-b553ca6707ec.jpg,experimental,photo-1711223717017-b553ca6707ec
https://images.unsplash.com/photo-1701292156045-7dd5c74d216b,images/archival/photo-1701292156045-7dd5c74d216b.jpg,archival,photo-1701292156045-7dd5c74d216b
https://images.unsplash.com/photo-1713731267890-70d80fa3848d,images/archival/photo-1713731267890-70d80fa3848d.jpg,archival,photo-1713731267890-70d80fa3848d
https://images.unsplash.com/photo-1722271552072-4f33be1c5e63,images/film/photo-1722271552072-4f33be1c5e63.jpg,film,photo-1722271552072-4f33be1c5e63
