title,price,stock
Вентилятор для видеокарты ASUS ROG STRIX RTX 3060 6пин,527,Осталось 1 шт
Вентилятор для видеокарты ASUS ROG STRIX RTX 3060 4пин,600,Not Found 404
Вентилятор для видеокарты ASUS ROG STRIX RTX 3060 4пин,716,Осталось 4 шт
Вентилятор для видеокарты ASUS ROG STRIX RTX 3060 6пин,716,Осталось 1 шт
"TREIDCOMPUTERS Системный блок Офисный Компьютер / i3 (Intel Core i3-9100F, RAM 8 ГБ, SSD 240 ГБ, NVIDIA GeForce GT 210 (1 Гб), Windows 10 Pro), темно-серый",23323,Осталось 49 шт
"TREIDCOMPUTERS Системный блок Офисный Компьютер / i3 (Intel Core i3-9100F, RAM 8 ГБ, SSD 240 ГБ, NVIDIA GeForce GT 210 (1 Гб), Windows 10 Pro), черный",23323,Осталось 49 шт
"TREIDCOMPUTERS Системный блок Офисный Компьютер i3 (Intel Core i3-10100F, RAM 8 ГБ, SSD 240 ГБ, NVIDIA GeForce GT 210 (1 Гб), Windows 10 Pro), черный",24960,Not Found 404
"TREIDCOMPUTERS Системный блок Офисный Компьютер / i3 (Intel Core i3-9100F, RAM 8 ГБ, SSD 480 ГБ, NVIDIA GeForce GT 210 (1 Гб), Windows 10 Pro), черный",24960,Осталось 49 шт
"TREIDCOMPUTERS Системный блок Офисный Компьютер i3 (Intel Core i3-10100F, RAM 8 ГБ, SSD 480 ГБ, NVIDIA GeForce GT 210 (1 Гб), Windows 10 Pro), черный",25549,Not Found 404
"ASUS Видеокарта GeForce RTX 3060 Ti Dual 8 ГБ (DUAL-RTX3060TI-O8G), LHR",28197,Осталось 1 шт
MSI Видеокарта GeForce RTX 3060 GeForce RTX 3060 VENTUS 2X 8G OC 8 ГБ (GeForce RTX 3060 VENTUS 2X 8G OC),28666,Not Found 404
MSI Видеокарта GeForce RTX 3060 8 ГБ (RTX 3060 VENTUS 2X 8G OC),28729,Not Found 404
"MSI Видеокарта GeForce RTX 3060 8 ГБ (4711377029063,824142306956,0824142306956)",28894,Not Found 404
Palit Видеокарта GeForce RTX 3060 GeForce RTX 3060 LHR DUAL 12GB (NE63060019K9-190AD) 12 ГБ (GeForce RTX 3060 LHR DUAL 12GB (NE63060019K9-190AD)),29167,Not Found 404
Gigabyte Видеокарта GeForce RTX 3060 8 ГБ (GV-N3060GAMING OC-8GD 2.0),29361,Not Found 404
MSI Видеокарта GeForce RTX 3060 RTX 3060 VENTUS 2X OC 12 ГБ (RTX 3060 VENTUS 2X 12G OC),29462,Осталось 2 шт
Gigabyte Видеокарта GeForce RTX 3060 8 ГБ (GV-N3060GAMING OC-8GD 2.0),29759,Осталось 400 шт
Gigabyte Видеокарта GeForce RTX 3060 GeForce RTX 3060 WINDFORCE OC 12 ГБ (GV-N3060WF2OC-12GD 2.0),29961,Осталось 5 шт
"Palit Видеокарта GeForce RTX 3060 NE63060019K9-190AD 12 ГБ (NE63060019K9-190AD), LHR",30106,Not Found 404
MSI Видеокарта GeForce RTX 3060 GeForce RTX 3060 VENTUS 2X 12 ГБ (RTX 3060 VENTUS 2X 12G),30228,Осталось 1 шт
ZOTAC Видеокарта GeForce RTX 3060 12 ГБ (ZT-A30600E-10M),30466,Not Found 404
"maxsun Видеокарта GeForce RTX 3060 12 ГБ (iCRAFT), LHR",30727,Not Found 404
Palit Видеокарта GeForce RTX 3060 12 ГБ (NE63060019K9-190AD),30745,Not Found 404
MSI Видеокарта GeForce RTX 3060 12 ГБ (12),30761,Осталось 1 шт
Gigabyte Видеокарта GeForce RTX 3060 8 ГБ (1924640),30808,Not Found 404
Gigabyte Видеокарта GeForce RTX 3060 12 ГБ (WINDFORCE GV-N3060WF2OC-12GD 2.0),30889,Not Found 404
MSI Видеокарта GeForce RTX 3060 GeForce RTX 3060 VENTUS 2X 12G OC 12 ГБ (GeForce RTX 3060 VENTUS 2X 12G OC),30916,Not Found 404
"maxsun Видеокарта GeForce RTX 3060 GeForce RTX 3060 12 ГБ 12 ГБ (MAXSUN__3060__12GB), LHR",31050,Осталось 15 шт
"ZOTAC Видеокарта GeForce RTX 3060 12 ГБ (ZT-A30600H-10M), LHR",31065,Not Found 404
Gigabyte Видеокарта GeForce RTX 3060 8 ГБ (GV-N3060GAMING OC-8GD 2.0),31100,Осталось 400 шт
"Palit Видеокарта GeForce RTX 3060 12 ГБ (NE63060T19K9-190AD), LHR",31236,Not Found 404
Gigabyte Видеокарта GeForce RTX 3060 12 ГБ (1913446),31239,Not Found 404
"Gigabyte Видеокарта GeForce RTX 3060 WindForce 12 ГБ (GV-N3060WF2OC-12GD), LHR",31264,Not Found 404
Inno3D Видеокарта GeForce RTX 3060 Inno3D GeForce RTX3060 8GB Twin X2 OC 8 ГБ (N30602-08D6X-11902130),35817,Not Found 404
"ASUS Видеокарта GeForce RTX 3060 12 ГБ (DUAL-RTX3060-O12G-V2), LHR",36548,Not Found 404
